Name,Rating,Price,Availability
Mesaerion: The Best Science Fiction Stories 1800-1849,One,£37.59,In stock
Join,Five,£35.67,In stock
"William Shakespeare's Star Wars: Verily, A New Hope (William Shakespeare's Star Wars #4)",Four,£43.30,In stock
The Project,One,£10.65,In stock
Soft Apocalypse,Two,£26.12,In stock
Sleeping Giants (Themis Files #1),One,£48.74,In stock
Arena,Four,£21.36,In stock
Foundation (Foundation (Publication Order) #1),One,£32.42,In stock
The Restaurant at the End of the Universe (Hitchhiker's Guide to the Galaxy #2),One,£10.92,In stock
Ready Player One,Four,£19.07,In stock
"Life, the Universe and Everything (Hitchhiker's Guide to the Galaxy #3)",Two,£33.26,In stock
Dune (Dune #1),One,£54.86,In stock
Do Androids Dream of Electric Sheep? (Blade Runner #1),One,£51.48,In stock
Three Wishes (River of Time: California #1),Two,£44.18,In stock
The Last Girl (The Dominion Trilogy #1),Two,£36.26,In stock
Having the Barbarian's Baby (Ice Planet Barbarians #7.5),Four,£34.96,In stock
